stage,package,canonical_routes,aliases,resolved_bytes,zip_bytes,zip_sha256
before,_global-error.rsc.func,24,203,42653346,18019165,efea2df965626f7f79a1de3d8d361ed500bf5633259812b5850b113306794a70
before,_middleware.func,1,1,1696973,501001,934c7eac39f4fac4a772ce1384bfdde9ad465ec4d543826252f9b4efb122008f
before,admin/actions.func,31,62,43228308,18218964,6632fb571418a30e2cd39167b8ad6ce25985caf2e05de8a9019ce2f440ad6f2e
before,api/admin/actions/full-market-refresh.func,115,230,48981742,22050705,0f897db7383c765778da70816aa3ab5c081d649fa9566776593e4bcf3a57a658
before,apple-icon.rsc.func,6,12,40645433,17439573,cd6e3745928b78a40e2341b87d7eb2e5627702b71bc67e077a971abbd2e23f80
after,_global-error.rsc.func,24,203,4984532,1470546,70e8fcb06de2f6710dadbd7741f98c98b878cc2e7ce5e08029c6ad1df098ff10
after,_middleware.func,1,1,1696973,501001,934c7eac39f4fac4a772ce1384bfdde9ad465ec4d543826252f9b4efb122008f
after,admin/actions.func,31,62,5431626,1619866,9ca68e95735e184c4c4cff42094613fc5464646b19c945f529dc76360cbc5284
after,api/admin/actions/full-market-refresh.func,115,230,4466526,1567178,2fbfb57dfcbb7381bbb7c1b95e9cae544cbc58ad5ed6f72598faf17c2667db7c
after,apple-icon.png.rsc.func,6,12,2820340,849111,ddea29966d1d4186063e61ed362179129ac0315353e75630249aea7028f8a45c
